{"cameraMode":{"drawMode":0,"name":"Shaded","section":"Shading Mode"},"sceneLighting":true,"audioPlay":false,"sceneViewState":{"m_AlwaysRefresh":false,"showFog":true,"showSkybox":true,"showFlares":true,"showImageEffects":true,"showParticleSystems":true,"showVisualEffectGraphs":true,"m_FxEnabled":true},"in2DMode":false,"pivot":{"x":-3.0350492000579836,"y":-13.894481658935547,"z":-95.60562133789063},"rotation":{"x":-0.0008992110379040241,"y":0.9962512254714966,"z":-0.08689410984516144,"w":-0.010136495344340802},"size":44.74005126953125,"orthographic":false}